{"train/loss": 0.1976, "train/learning_rate": 3.2273152478952295e-06, "train/epoch": 3.0, "train/global_step": 3207, "_timestamp": 1701083968.0690222, "_runtime": 347.6167151927948, "_step": 8, "train/train_runtime": 246.6059, "train/train_samples_per_second": 104.024, "train/train_steps_per_second": 13.005, "train/total_flos": 153018092576700.0, "train/train_loss": 0.3728941824341772, "eval/loss": 0.9925528764724731, "eval/matthews_correlation": 0.5053455268693762, "eval/runtime": 1.3591, "eval/samples_per_second": 384.091, "eval/steps_per_second": 48.563, "_wandb": {"runtime": 352}}