{"train/loss": 0.5213, "train/learning_rate": 3.2273152478952295e-06, "train/epoch": 3.0, "train/global_step": 3207, "_timestamp": 1701086094.1191268, "_runtime": 2053.7483909130096, "_step": 190, "train/train_runtime": 63.8508, "train/train_samples_per_second": 401.765, "train/train_steps_per_second": 50.227, "train/total_flos": 77039365157820.0, "train/train_loss": 0.5697585731270829, "eval/loss": 0.6961669921875, "eval/matthews_correlation": 0.10659675366011932, "eval/runtime": 0.3044, "eval/samples_per_second": 1714.646, "eval/steps_per_second": 216.794, "progress_eval": 0.146, "num_layers": 1, "progress_test": 0.107, "progress_table": {"_type": "table-file", "sha256": "2e57e622b25c0c2a3122e1c08a206ee023532aed1fa1b92aa3520f72de623a03", "size": 143, "artifact_path": "wandb-client-artifact://6hwfbln7kywilwxu44xw7rmqdt3rkygb0bzdoeh77p3x6maq1n2d0ov8xslb5mm81mps885anaviclo1hwjmu4gh353d6fzvjclwup1bew1hn1femv115vcf9yayca9d:latest/progress_table.table.json", "_latest_artifact_path": "wandb-client-artifact://6hwfbln7kywilwxu44xw7rmqdt3rkygb0bzdoeh77p3x6maq1n2d0ov8xslb5mm81mps885anaviclo1hwjmu4gh353d6fzvjclwup1bew1hn1femv115vcf9yayca9d:latest/progress_table.table.json", "path": "media/table/progress_table_190_2e57e622b25c0c2a3122.table.json", "ncols": 3, "nrows": 5}, "_wandb": {"runtime": 2052}}